source_genesymbol	target_genesymbol	regulation	source
TERF2	ATM	-1	SIGNOR
TP53	BIRC5	-1	SIGNOR
NFKB1	MAP3K8	-1	SIGNOR
TP53	BCL2	-1	SIGNOR
SETDB2	H3C8	-1	SIGNOR
DOT1L	H3C8	1	SIGNOR
RCOR1	KDM1A	1	SIGNOR
STAT6	GATA3	1	SIGNOR
KAT5	H4-16	1	SIGNOR
SHPRH	PCNA	-1	SIGNOR
TP53	BAX	1	SIGNOR
PGR	ESR1	-1	SIGNOR
GATA1	SPI1	-1	SIGNOR
ID3	TCF3	-1	SIGNOR
MET	GAB1	1	SIGNOR
DVL1	RAC1	1	SIGNOR
RCOR1	REST	1	SIGNOR
MAX	MNT	1	SIGNOR
MAX	MYC	1	SIGNOR
DVL1	AXIN1	-1	SIGNOR
BMP2	BMPR2	1	SIGNOR
RARB	RXRA	1	SIGNOR
SMAD3	NOTCH1	1	SIGNOR
SMAD7	TGFBR1	-1	SIGNOR
SMAD6	SMAD1	-1	SIGNOR
SMAD6	TGFBR1	-1	SIGNOR
SMAD7	SMAD3	-1	SIGNOR
SMAD6	SMAD3	-1	SIGNOR
MYC	SMAD3	-1	SIGNOR
SKI	SMAD3	-1	SIGNOR
SKI	SMAD4	-1	SIGNOR
SKI	SMAD2	-1	SIGNOR
SMAD2	SMAD4	1	SIGNOR
SMAD3	SMAD4	1	SIGNOR
SMAD1	SMAD4	1	SIGNOR
CREB1	FOXO4	-1	SIGNOR
RARA	RXRA	1	SIGNOR
RXRB	RARA	1	SIGNOR
RXRA	RARG	-1	SIGNOR
RARG	RXRB	1	SIGNOR
RXRB	RARG	1	SIGNOR
RXRA	PPARA	1	SIGNOR
RXRA	PPARG	1	SIGNOR
RXRB	PPARG	1	SIGNOR
NR2F2	RXRA	1	SIGNOR
NR0B2	ESR1	-1	SIGNOR
ESR1	ESR2	1	SIGNOR
AR	NR5A1	1	SIGNOR
NCOA2	RXRA	1	SIGNOR
NCOA2	PPARG	1	SIGNOR
SMAD7	SMURF2	1	SIGNOR
DVL3	FRAT1	1	SIGNOR
SMAD2	CREB1	1	SIGNOR
SMAD2	MEF2A	1	SIGNOR
SMAD6	TAB1	-1	SIGNOR
SMAD7	TAB1	-1	SIGNOR
FOXH1	SMAD2	1	SIGNOR
DVL3	RAC1	1	SIGNOR
SKIL	SMAD4	-1	SIGNOR
SKIL	SMAD2	-1	SIGNOR
NCOR2	BHLHE41	1	SIGNOR
SMAD5	SMAD4	1	SIGNOR
SMAD7	PPP1R15A	1	SIGNOR
TGIF1	WWP1	1	SIGNOR
JUN	TCF4	1	SIGNOR
SMAD7	PPP1CA	1	SIGNOR
GLI3	MED12	-1	SIGNOR
SMAD7	TAB2	1	SIGNOR
NCOR2	SNW1	1	SIGNOR
RBPJ	CIR1	1	SIGNOR
SMAD6	HOXC8	1	SIGNOR
SMAD7	STRAP	1	SIGNOR
SMAD6	PELI1	1	SIGNOR
DVL1	CTNNB1	-1	SIGNOR
DVL1	JUN	1	SIGNOR
DVL1	DAAM1	1	SIGNOR
SMAD1	DVL1	1	SIGNOR
DVL3	PIP5K1A	1	SIGNOR
MET	GLMN	-1	SIGNOR
MET	GRAP	1	SIGNOR
MET	RANBP9	1	SIGNOR
RFX1	ABL1	1	SIGNOR
NR0B2	NR5A2	-1	SIGNOR
RXRB	THRA	1	SIGNOR
NR1I3	RXRA	1	SIGNOR
NR1I2	RXRA	1	SIGNOR
RXRB	THRB	1	SIGNOR
NR2F1	RXRA	1	SIGNOR
RXRB	NR2F1	1	SIGNOR
NR2F2	NR2F1	1	SIGNOR
RXRB	NR2F2	1	SIGNOR
NR0B2	NR1I2	-1	SIGNOR
RXRB	PPARD	1	SIGNOR
RXRA	PPARD	1	SIGNOR
NCOR2	PGR	-1	SIGNOR
NCOR2	AR	-1	SIGNOR
NR0B2	PPARA	1	SIGNOR
NR0B2	NR1I3	-1	SIGNOR
NR0B2	AR	-1	SIGNOR
THRA	RARG	1	SIGNOR
RARG	THRA	1	SIGNOR
RARA	THRA	1	SIGNOR
THRA	RARA	1	SIGNOR
RARB	THRA	1	SIGNOR
THRA	RARB	1	SIGNOR
RARB	RXRB	1	SIGNOR
NR2E3	NR1D1	1	SIGNOR
RXRB	NR1H2	1	SIGNOR
RXRB	PPARA	1	SIGNOR
NR3C1	AR	-1	SIGNOR
AR	NR3C1	-1	SIGNOR
NCOA2	RARA	1	SIGNOR
RXRB	NRIP1	1	SIGNOR
BMP2	BMPR1A	1	SIGNOR
RAPGEF3	RAP1A	1	SIGNOR
NFKB1	RELA	1	SIGNOR
RELA	NCOR2	-1	SIGNOR
NFKB2	RELB	1	SIGNOR
FOS	JUN	1	SIGNOR
STAT2	STAT1	1	SIGNOR
LARP7	HEXIM1	-1	SIGNOR
LARP7	CCNT1_CDK9	-1	SIGNOR
ZNF318	AR	-1	SIGNOR
TSHZ3	HDAC1	1	SIGNOR
ZFYVE26	TTC19	1	SIGNOR
ZNF774	CHD3_CHD4_GATAD2A_GATAD2B_HDAC1_HDAC2_MBD2_MTA1_MTA2_MTA3_RBBP4_RBBP7	1	SIGNOR
ZNF774	CHD3_CHD4_GATAD2A_GATAD2B_HDAC1_HDAC2_MBD3_MTA1_MTA2_MTA3_RBBP4_RBBP7	1	SIGNOR
LARP1	AKT1S1_DEPTOR_MLST8_MTOR_RPTOR	1	SIGNOR
SLC30A9	NUMB	-1	SIGNOR
MYOD1	SMARCD3	1	SIGNOR
POGZ	CBX5	-1	SIGNOR
SRCAP	AR	1	SIGNOR
SSH2	CFL1	-1	SIGNOR
ZC3HAV1	PARN	1	SIGNOR
POGZ	AURKB	1	SIGNOR
TAX1BP1	TNFAIP3	1	SIGNOR
JAZF1	NR2C2	-1	SIGNOR
NCOA1	ASXL1	1	SIGNOR
MINK1	KCNH2	1	SIGNOR
MINK1	PRICKLE1	1	SIGNOR
TSC22D3	NFKB2	-1	SIGNOR
RAPGEF4	RAP1A	1	SIGNOR
SSH3	CFL1	-1	SIGNOR
DOT1L	MYC	1	SIGNOR
DOT1L	H3-3A	1	SIGNOR
DOT1L	H3-4	1	SIGNOR
ZFPM2	GATA4	-1	SIGNOR
JDP2	JUN	-1	SIGNOR
JDP2	ATF2	-1	SIGNOR
SSH1	CFL1	1	SIGNOR
SSH1	CORO1B	1	SIGNOR
RAPGEF4	RAP1B	1	SIGNOR
TFAP2B	TP53	1	SIGNOR
RAPGEF5	NRAS	1	SIGNOR
RAPGEF5	HRAS	1	SIGNOR
RAPGEF5	KRAS	1	SIGNOR
RAPGEF5	RAP1A	1	SIGNOR
NR4A3	BCL2	-1	SIGNOR
GTF3A	_CRCP_POLR1C_POLR1D_POLR2E_POLR2F_POLR2H_POLR2K_POLR2L_POLR3A_POLR3B_POLR3C_POLR3D_POLR3E_POLR3F_POLR3G_POLR3H_POLR3K	1	SIGNOR
DPF2	ESRRA	-1	SIGNOR
DPF2	RUNX1	-1	SIGNOR
DPF2	NFKB1_RELA	1	SIGNOR
DPF2	ACTL6A_ARID1A_ARID1B_ARID2_SMARCA4_SMARCB1_SMARCC1_SMARCC2_SMARCD1_SMARCE1	1	SIGNOR
KAT5	SRSF2	-1	SIGNOR
KAT5	MYOD1	1	SIGNOR
KAT5	NOTCH1	-1	SIGNOR
DVL3	PLCB1	1	SIGNOR
WNT8B	LRP6	1	SIGNOR
WNT8B	FZD3	1	SIGNOR
PHF21A	KDM1A	-1	SIGNOR
TSC22D3	RELA	-1	SIGNOR
TSC22D3	FOXO1	-1	SIGNOR
PAWR	WT1	-1	SIGNOR
ZNF462	PBX1	-1	SIGNOR
ZFP91	MAP3K14	1	SIGNOR
ZNF521	EBF1	-1	SIGNOR
TSC22D3	NFKB1_RELA	-1	SIGNOR
FIZ1	CRX	-1	SIGNOR
FIZ1	NRL	-1	SIGNOR
SETDB2	H3-3A	1	SIGNOR
SETDB2	H3-4	1	SIGNOR
CDC5L	HNRNPM	1	SIGNOR
TSC22D3	FOXO4	-1	SIGNOR
TSC22D3	FOXO3	-1	SIGNOR
PHB2	MYOD1	-1	SIGNOR
PHB2	MEF2A	-1	SIGNOR
ETS1	GFI1	-1	SIGNOR
GFI1	ETS1	-1	SIGNOR
GFI1	SPI1	-1	SIGNOR
KLF16	SIN3A	1	SIGNOR
ZBP1	RIPK3	1	SIGNOR
ADNP	CTNNB1	1	SIGNOR
ADNP	CTCF	-1	SIGNOR
ADNP	MAP1LC3B	1	SIGNOR
ADNP	ACTL6A_ARID1A_ARID1B_ARID2_SMARCA4_SMARCB1_SMARCC1_SMARCC2_SMARCD1_SMARCE1	1	SIGNOR
SOX17	CTNNB1	-1	SIGNOR
PRDM16	SKI	1	SIGNOR
PRDM16	PPARG	1	SIGNOR
PATZ1	RNF4	-1	SIGNOR
RERE	NOTCH1	1	SIGNOR
RERE	BAX	1	SIGNOR
LHX3	ISL1	1	SIGNOR
LHX3	ISL2	1	SIGNOR
BAZ2B	H3C8	-1	SIGNOR
BAZ2B	H3-3A	-1	SIGNOR
BAZ2B	H3-4	-1	SIGNOR
BAZ2B	H3-2	-1	SIGNOR
BAZ2B	H3-5	-1	SIGNOR
BAZ2B	H3C15	-1	SIGNOR
LEF1	ALX4	1	SIGNOR
ANAPC2	DVL1	-1	SIGNOR
CASP8AP2	NFKB1	1	SIGNOR
CASP8AP2	NFKB1_RELA	1	SIGNOR
ZHX1	ZMYND11	-1	SIGNOR
MYT1L	SIN3B	1	SIGNOR
AKAP8L	DHX9	1	SIGNOR
COPS3	SOS1	1	SIGNOR
SATB2	TP63	-1	SIGNOR
FOXA2	OTX2	-1	SIGNOR
KLF13	SIN3A	1	SIGNOR
NCOR2	BCL6	1	SIGNOR
NCOR2	SPEN	1	SIGNOR
RELA	CREBBP_EP300	1	SIGNOR
KLF4	PBX1	1	SIGNOR
KLF4	MEIS2	1	SIGNOR
SOX4	CTNNB1	1	SIGNOR
THRB	GATA2	-1	SIGNOR
THRA	GATA2	-1	SIGNOR
NCOA2	AR	1	SIGNOR
TP53	G6PD	-1	SIGNOR
KAT5	CHKA	1	SIGNOR
CEBPB	CREB1	1	SIGNOR
GRM6	GNAS	1	SIGNOR
CUL3	TNFAIP1	1	SIGNOR
DVL1	APC_AXIN1_GSK3B	-1	SIGNOR
DVL2	APC_AXIN1_GSK3B	1	SIGNOR
BACH1	MAFK	1	SIGNOR
KLF11	SIN3A	1	SIGNOR
MSC	TCF3	-1	SIGNOR
NKX3-1	HDAC1	-1	SIGNOR
RELA	SP1	1	SIGNOR
RGS6	ITGB3	-1	SIGNOR
SOX6	CTNNB1	-1	SIGNOR
SRF	IL6	1	SIGNOR
STAT1	RELA	-1	SIGNOR
TFAP4	SP1	1	SIGNOR
ZIC3	GLI3	1	SIGNOR
SMAD9	SMAD4	1	SIGNOR
DVL2	AXIN1	1	SIGNOR
ATXN7	CRX	-1	SIGNOR
MTA1	ARNTL_CLOCK	1	SIGNOR
PAX7	ASH2L_DPY30_KMT2A_RBBP5_WDR5	1	SIGNOR
IRF4	IRF5	-1	SIGNOR
RUNX1	CHUK_IKBKB_IKBKG	-1	SIGNOR
SETBP1	SET	1	SIGNOR
SMAD7	TAB3	1	SIGNOR
ZFP36	EIF4E2_GIGYF1	1	SIGNOR
ZFP36	EIF4E2_GIGYF2	1	SIGNOR
TP53	RPS6KA1	1	SIGNOR
CLOCK	MAGEL2	-1	SIGNOR
DRAP1	BTAF1	1	SIGNOR
CHD2	MYOD1	1	SIGNOR
DLX2	MSX2	-1	SIGNOR
FBN1	EFEMP2	-1	SIGNOR
HMGB1	AGER	1	SIGNOR
TP53	CREBBP_EP300	1	SIGNOR
DVL1	APC	-1	SIGNOR
JUN	SMAD4	1	SIGNOR
ESR1	PIK3CA_PIK3R1	1	SIGNOR
MET	GRB2	1	SIGNOR
HMGB1	HOXC6	1	SIGNOR
HMGB1	HOXB1	1	SIGNOR
IRF1	IRF8	1	SIGNOR
BMP2	BMPR1A_BMPR1B_BMPR2	1	SIGNOR
SKI	SMAD1	-1	SIGNOR
SKIL	SMAD1	-1	SIGNOR
HMGB1	HOXB3	1	SIGNOR
HMGB1	HOXD10	1	SIGNOR
EGR1	PITX1	1	SIGNOR
EGR1	SF1	1	SIGNOR
MAF	MYB	-1	SIGNOR
MAF	ETS1	-1	SIGNOR
PAX7	KMT2A	1	SIGNOR
PAX3	LEF1	1	SIGNOR
GATA2	ETV2	1	SIGNOR
GATA3	CEBPB	-1	SIGNOR
GATA3	CEBPA	-1	SIGNOR
HMGB2	POU2F2	1	SIGNOR
ZFP36	MYOD1	-1	SIGNOR
MET	PTK2	1	SIGNOR
MYOD1	SMARCA4	1	SIGNOR
MYOG	FBXO32	-1	SIGNOR
PCSK6	VWF	1	SIGNOR
MECP2	SST	1	SIGNOR
MECP2	GPRIN1	1	SIGNOR
HMGA2	E4F1	-1	SIGNOR
PRRX1	MAFG	-1	SIGNOR
PRRX1	MAFK	-1	SIGNOR
PRRX1	MAF	-1	SIGNOR
RAG1	MTOR	1	SIGNOR
MAX	MXI1	1	SIGNOR
RPA2	MRE11	1	SIGNOR
RPA2	ATRIP	1	SIGNOR
SMAD3	CEBPA	-1	SIGNOR
SMAD3	FOXA1	-1	SIGNOR
SP1	CRX	1	SIGNOR
E2F1	HDAC1	1	SIGNOR
E2F1	TFDP1	1	SIGNOR
TFDP1	E2F1	1	SIGNOR
POU4F1	ESR1	1	SIGNOR
ID3	MYOD1_TCF12	-1	SIGNOR
ID3	MYOD1_TCF4	-1	SIGNOR
RELA	HDAC4	1	SIGNOR
RBPJ	PAX7	1	SIGNOR
RBPJ	GTF2A2	1	SIGNOR
MEF2C	MYOD1	1	SIGNOR
RAD51	SYCP3	1	SIGNOR
FOXF2	TBP	1	SIGNOR
FOXC1	RBPJ	1	SIGNOR
TP53	BAK1	1	SIGNOR
TBX2	MYOD1	-1	SIGNOR
TBX2	MYOG	-1	SIGNOR
USF1	FOSL1	-1	SIGNOR
YY1	AEBP2_EED_EZH2_RBBP4_SUZ12	1	SIGNOR
ZNF76	TBP	-1	SIGNOR
MSX1	LHX2	-1	SIGNOR
LHX2	MSX1	-1	SIGNOR
TBR1	FOXP2	1	SIGNOR
ARNTL	MAGEL2	-1	SIGNOR
NFIB	NFIC	-1	SIGNOR
NFIB	NFIX	-1	SIGNOR
E2F3	TFDP1	1	SIGNOR
CHD2	XRCC4	1	SIGNOR
CUX2	OGG1	1	SIGNOR
DVL1	GSK3B	-1	SIGNOR
DVL1	RHOA	1	SIGNOR
DVL1	PLCB1	1	SIGNOR
DVL2	LRP6	1	SIGNOR
DVL2	RBPJ	-1	SIGNOR
DVL2	PARD6A	1	SIGNOR
DVL2	PLCB1	1	SIGNOR
CHD1	SF3A1_SF3A2_SF3A3	1	SIGNOR
CHD2	H3-3A	1	SIGNOR
KLF4	SRF	-1	SIGNOR
SMAD6	MAP3K7	-1	SIGNOR
SMAD6	NR2C2	-1	SIGNOR
SMAD6	SMAD4	-1	SIGNOR
TLX3	ETS1	-1	SIGNOR
AKAP8	PRKACA	1	SIGNOR
MYC	BRD4	-1	SIGNOR
ARID5B	PHF2	1	SIGNOR
PITX3	MTA1	1	SIGNOR
NCOR1	BCL6	1	SIGNOR
CSDE1	FOS	-1	SIGNOR
WDHD1	CLSPN	1	SIGNOR
RAPGEF3	RAP1B	1	SIGNOR
KLF8	CTBP2	1	SIGNOR
MYC	DNMT3A	1	SIGNOR
ESR1	PIK3R2	1	SIGNOR
ESR1	PIK3R1	1	SIGNOR
ESR1	FOS_JUN	1	SIGNOR
NR3C1	LCK	1	SIGNOR
NR3C1	CEBPB	1	SIGNOR
NR3C1	DUSP1	1	SIGNOR
NR3C1	STAT5A	1	SIGNOR
NR3C1	CAV1	1	SIGNOR
NR3C1	HDAC1	1	SIGNOR
TP53	ETS1	-1	SIGNOR
TP53	NFKB2	1	SIGNOR
JUN	SPI1	1	SIGNOR
SP1	ITGA11	1	SIGNOR
HMGB1	TLR4	1	SIGNOR
HMGB1	HOXD9	1	SIGNOR
HMGB1	HOXD3	1	SIGNOR
HMGB1	HOXD11	1	SIGNOR
HOXB7	PRKDC	1	SIGNOR
SRF	PTGS2	1	SIGNOR
NFX1	PABPC1	1	SIGNOR
SKI	EP300	-1	SIGNOR
SKI	SMAD5	-1	SIGNOR
SKI	SMAD2_SMAD4	-1	SIGNOR
SKI	SMAD3_SMAD4	-1	SIGNOR
SKIL	SMAD5	-1	SIGNOR
SKIL	SMAD2_SMAD4	-1	SIGNOR
SKIL	SMAD3_SMAD4	-1	SIGNOR
GTF2F2	POLR2E	1	SIGNOR
GTF2F2	GTF2F1	1	SIGNOR
ETS1	ITGA11	1	SIGNOR
MYOD1	ACTL6A_ARID1A_ARID1B_ARID2_SMARCA4_SMARCB1_SMARCC1_SMARCC2_SMARCD1_SMARCE1	1	SIGNOR
MYOG	ACTL6A_ARID1A_ARID1B_ARID2_SMARCA4_SMARCB1_SMARCC1_SMARCC2_SMARCD1_SMARCE1	1	SIGNOR
PAX1	MEOX1	1	SIGNOR
PAX1	MEOX2	1	SIGNOR
TCF3	MYOD1	1	SIGNOR
GATA1	RUNX1	1	SIGNOR
GATA1	ZFPM1	1	SIGNOR
HMGA1	POU3F1	1	SIGNOR
HOXB8	PBX1	1	SIGNOR
HOXB8	PBX3	1	SIGNOR
SPI1	TAL1	-1	SIGNOR
SPI1	IRF8	1	SIGNOR
WT1	SRY	1	SIGNOR
WT1	RBM4	-1	SIGNOR
RXRA	CTNNB1	-1	SIGNOR
USF1	JMJD1C	1	SIGNOR
NFYA	SP1	1	SIGNOR
PAX7	KMT2D	1	SIGNOR
PAX7	ASH2L_DPY30_KMT2D_RBBP5_WDR5	1	SIGNOR
PAX3	MEOX1	1	SIGNOR
PAX3	MEOX2	1	SIGNOR
GATA2	SPI1	-1	SIGNOR
GATA2	PPARG	-1	SIGNOR
NR2F2	MYOD1	-1	SIGNOR
YY1	NOTCH1	-1	SIGNOR
HMGB2	POU2F1	1	SIGNOR
HMGB2	POU3F1	1	SIGNOR
ARNT	HIF1A	1	SIGNOR
HOXD9	MEIS1	1	SIGNOR
HOXD10	MEIS1	1	SIGNOR
MSX1	TBP	-1	SIGNOR
MSX1	DLX5	-1	SIGNOR
DLX5	MSX1	-1	SIGNOR
MSX1	DLX2	-1	SIGNOR
DLX2	MSX1	-1	SIGNOR
PCSK6	INSR	1	SIGNOR
HOXA9	MEIS1	1	SIGNOR
HOXD11	MEIS1	1	SIGNOR
TLX1	RB1	-1	SIGNOR
TLX1	ETS1	-1	SIGNOR
TLX1	PPP2CB	-1	SIGNOR
TLX1	PPP2CA	-1	SIGNOR
HOXD12	MEIS1	1	SIGNOR
HOXD12	MAFG	-1	SIGNOR
HOXD12	MAFK	-1	SIGNOR
HOXD12	MAF	-1	SIGNOR
HOXD12	MAFF	-1	SIGNOR
HOXD12	MAFB	-1	SIGNOR
HOXD13	MEIS1	1	SIGNOR
MSX2	DLX5	-1	SIGNOR
DLX5	MSX2	-1	SIGNOR
MSX2	SPEN	1	SIGNOR
FBN1	TGFB1	1	SIGNOR
FBN1	FBLN5	-1	SIGNOR
HNF1B	CREB1	1	SIGNOR
HNF1B	ATF1	1	SIGNOR
TRIM23	TBK1	1	SIGNOR
TRIM23	TRAF6	1	SIGNOR
PPARG	ACADM	-1	SIGNOR
PPARG	PTEN	-1	SIGNOR
PPARG	HDAC1	-1	SIGNOR
PBX1	HOXB1	1	SIGNOR
PBX1	MYOD1	1	SIGNOR
ID1	MYOD1	-1	SIGNOR
ID1	TCF4	-1	SIGNOR
ID1	AKT1	1	SIGNOR
ID1	TCF12	-1	SIGNOR
ID1	MYOD1_TCF3	-1	SIGNOR
ID1	MYOD1_TCF12	-1	SIGNOR
ID1	MYOD1_TCF4	-1	SIGNOR
SOX3	CTNNB1	-1	SIGNOR
STAT1	IRF2	1	SIGNOR
STAT1	NFKB1_RELA	-1	SIGNOR
STAT6	STAT1	-1	SIGNOR
STAT6	NFKB1_RELA	-1	SIGNOR
STAT5A	FOXP3	1	SIGNOR
NCOA1	STAT5B	1	SIGNOR
RFX3	FOXJ1	1	SIGNOR
SOX9	MITF	1	SIGNOR
SOX9	OTX2	1	SIGNOR
LHX1	OTX2	1	SIGNOR
POU3F4	POU3F3	1	SIGNOR
POU3F4	POU3F2	1	SIGNOR
CEBPA	USF1	1	SIGNOR
MECP2	MET	-1	SIGNOR
MECP2	CREB1	1	SIGNOR
MECP2	DNMT1	1	SIGNOR
MECP2	OPRK1	1	SIGNOR
MECP2	GAMT	1	SIGNOR
PRRX1	SRF	1	SIGNOR
PRRX1	MAFF	-1	SIGNOR
PRRX1	MAFB	-1	SIGNOR
FOXA1	NFIB	1	SIGNOR
FOXA1	NFIX	1	SIGNOR
PKNOX1	HOXB1	1	SIGNOR
PKNOX1	PBX1	1	SIGNOR
PKNOX1	HOXA1	1	SIGNOR
MAX	MXD4	-1	SIGNOR
MAX	MGA	1	SIGNOR
MAX	MXD3	1	SIGNOR
MAX	MAD1L1	1	SIGNOR
PITX1	POU1F1	1	SIGNOR
SIM1	ARNT	-1	SIGNOR
SIM1	AHR_ARNT	-1	SIGNOR
SMAD3	MYOD1	-1	SIGNOR
SMAD3	CEBPB	-1	SIGNOR
SMAD3	PAX6	-1	SIGNOR
SMAD3	NKX2-1	-1	SIGNOR
SMAD3	PAX8	-1	SIGNOR
SMAD3	RUNX2	-1	SIGNOR
SMAD3	FOXP3	1	SIGNOR
FGD1	CDC42	1	SIGNOR
IRF9	IFNAR2	1	SIGNOR
FLI1	GATA1	1	SIGNOR
FLI1	KLF1	-1	SIGNOR
KLF1	FLI1	-1	SIGNOR
TFAP4	NFIA	1	SIGNOR
TFAP4	HDAC1	1	SIGNOR
MEF2A	MYOD1	1	SIGNOR
SP2	IRF1	1	SIGNOR
ID2	MYOD1	-1	SIGNOR
ID2	TCF12	-1	SIGNOR
ID2	MYOD1_TCF3	-1	SIGNOR
ID2	MYOD1_TCF12	-1	SIGNOR
ID2	MYOD1_TCF4	-1	SIGNOR
SP4	CRX	1	SIGNOR
SP3	ITGA11	1	SIGNOR
ID3	TCF4	-1	SIGNOR
ID3	TCF12	-1	SIGNOR
ID3	MYOD1_TCF3	-1	SIGNOR
CREB5	JUN	1	SIGNOR
CREB5	ATF2	1	SIGNOR
RELA	JUN	1	SIGNOR
RELA	EGR1	1	SIGNOR
RELA	CITED1	1	SIGNOR
RBPJ	DUSP1	1	SIGNOR
RBPJ	HES1	1	SIGNOR
RBPJ	MAML2	1	SIGNOR
RBPJ	MAML3	1	SIGNOR
GABPB1	HCFC1	-1	SIGNOR
RAD51	SYCE1_SYCE2_SYCE3_SYCP1_SYCP2_SYCP3_TEX12	1	SIGNOR
FOXO1	TCF4	-1	SIGNOR
FOXO1	STAT3	-1	SIGNOR
POU4F2	ESR1	1	SIGNOR
NFX1	SIN3A	1	SIGNOR
TRIM32	DTNBP1	-1	SIGNOR
KLF10	SIN3A	1	SIGNOR
RLF	RIN1	1	SIGNOR
RLF	RIT1	1	SIGNOR
NFATC2	MEF2A	1	SIGNOR
NFATC2	MEF2D	1	SIGNOR
CUL1	CTNNB1	-1	SIGNOR
CUL1	CDKN1B	-1	SIGNOR
CUL2	APOBEC3A	-1	SIGNOR
CUL3	RHOA	-1	SIGNOR
CUL3	HSF2	-1	SIGNOR
CUL3	KCTD13	1	SIGNOR
CUL3	KCTD10	1	SIGNOR
RUNX3	NOTCH1	-1	SIGNOR
RUNX2	NOTCH1	-1	SIGNOR
KLF9	SIN3A	1	SIGNOR
GTF2H2	ESR1	1	SIGNOR
RUNX2	CREBBP	1	SIGNOR
CBFB	RUNX1	1	SIGNOR
SIM2	ARNT	1	SIGNOR
E2F2	TFDP1	1	SIGNOR
HES1	NR3C1	-1	SIGNOR
HES1	NOTCH1_NOTCH2_RBPJ	-1	SIGNOR
HES1	NOTCH1_NOTCH4_RBPJ	-1	SIGNOR
HES1	NOTCH1_RBPJ	-1	SIGNOR
HES1	NOTCH1_NOTCH3_RBPJ	-1	SIGNOR
HIC1	STAT3	-1	SIGNOR
DMC1	SYCP3	1	SIGNOR
DMC1	SYCE1_SYCE2_SYCE3_SYCP1_SYCP2_SYCP3_TEX12	1	SIGNOR
STAT4	LAMTOR5	1	SIGNOR
E2F5	CREBBP_EP300	1	SIGNOR
NR0B2	CEBPA	-1	SIGNOR
NCOA2	NR3C1	1	SIGNOR
CEBPE	CEBPG	1	SIGNOR
NCOA1	ESR1	1	SIGNOR
NCOA1	STAT5A	1	SIGNOR
SMAD1	RUNX2	1	SIGNOR
EZH2	AR	1	SIGNOR
ZIC1	GLI1	1	SIGNOR
ZIC1	GLI3	1	SIGNOR
AHR	CYP1A1	1	SIGNOR
AHR	CYP1B1	1	SIGNOR
AR	KLK3	1	SIGNOR
NKX3-1	AR	-1	SIGNOR
AR	SERPINB5	-1	SIGNOR
AR	TMPRSS2	1	SIGNOR
AR	UCN	-1	SIGNOR
ARNT	CYP1A1	1	SIGNOR
ASCL1	DKK1	-1	SIGNOR
ATF3	GDF15	1	SIGNOR
KLF6	ATF3	1	SIGNOR
ATF4	DDIT3	1	SIGNOR
ATF4	FGF19	1	SIGNOR
ATF4	PPP1R15A	1	SIGNOR
ATF6	DDIT3	1	SIGNOR
ATF6	HSPA5	1	SIGNOR
BACH1	HMOX1	-1	SIGNOR
CDX2	CDH17	1	SIGNOR
CDX2	LCT	1	SIGNOR
CDX2	MEP1A	1	SIGNOR
CDX2	MUC2	1	SIGNOR
CDX2	TFF3	1	SIGNOR
CDX2	UGT1A10	1	SIGNOR
CDX2	UGT1A8	1	SIGNOR
DDIT3	CEBPA	-1	SIGNOR
NR3C1	CEBPA	1	SIGNOR
CEBPA	S100A9	1	SIGNOR
CEBPA	SFTPD	1	SIGNOR
CEBPA	SOX4	-1	SIGNOR
SOX6	CEBPA	1	SIGNOR
CEBPA	SPI1	1	SIGNOR
CEBPA	STAR	1	SIGNOR
CEBPB	ADM	1	SIGNOR
CEBPB	CSRP1	1	SIGNOR
CEBPB	GDF15	1	SIGNOR
CEBPB	PPARG	1	SIGNOR
CEBPB	S100A9	1	SIGNOR
CEBPB	SFTPD	1	SIGNOR
CEBPB	SLC19A1	1	SIGNOR
CEBPB	SLC5A8	1	SIGNOR
CEBPB	STAR	1	SIGNOR
CEBPB	TNFAIP6	1	SIGNOR
CEBPG	SFTPD	1	SIGNOR
CLOCK	NR0B2	1	SIGNOR
CLOCK	NR3C1	-1	SIGNOR
CREB1	BDNF	1	SIGNOR
CREB1	CHGA	1	SIGNOR
CREB1	G6PC1	1	SIGNOR
CREB1	MITF	1	SIGNOR
CREB1	SLC5A5	1	SIGNOR
CREM	IL2	-1	SIGNOR
CTCFL	BAG1	1	SIGNOR
DLX5	MYC	1	SIGNOR
EGR1	CHGA	1	SIGNOR
DMTF1	EGR1	1	SIGNOR
HLX	EGR1	-1	SIGNOR
EGR1	HPSE	1	SIGNOR
EGR1	PPARG	-1	SIGNOR
ELK1	MUC4	1	SIGNOR
ELK1	PRKCA	1	SIGNOR
ERG	CDH5	1	SIGNOR
ESR1	CCND1	1	SIGNOR
ESR1	PPARG	-1	SIGNOR
ETS1	ATP2A3	1	SIGNOR
ETS1	FOS	1	SIGNOR
ETS1	MUC4	1	SIGNOR
ETS1	TNC	1	SIGNOR
ETS2	SPP1	1	SIGNOR
FOS	CYP19A1	1	SIGNOR
FOS	STAR	1	SIGNOR
FOSL2	FOSL1	1	SIGNOR
FOXE1	TPO	1	SIGNOR
FOXO1	PCK1	1	SIGNOR
FOXO3	RBL2	1	SIGNOR
FOXO3	STK11	-1	SIGNOR
FOXO3	TSC22D3	1	SIGNOR
GATA1	CYBB	1	SIGNOR
GATA2	CYBB	-1	SIGNOR
GATA2	PPARG	-1	SIGNOR
GATA2	TSHB	1	SIGNOR
ZFPM1	GATA2	-1	SIGNOR
GLI3	PTCH1	1	SIGNOR
HBP1	NCF1	-1	SIGNOR
RUNX1	HHEX	1	SIGNOR
HIF1A	CCL2	1	SIGNOR
HIF1A	EPO	1	SIGNOR
HIF1A	FAM162A	1	SIGNOR
HIF1A	IL1B	1	SIGNOR
HIF1A	STC2	1	SIGNOR
HIF1A	VEGFA	1	SIGNOR
HIF3A	EPAS1	-1	SIGNOR
HIF3A	HIF1A	-1	SIGNOR
HNF1A	CDH17	1	SIGNOR
HNF1A	IGF1	1	SIGNOR
HNF1A	UGT1A10	1	SIGNOR
HNF1A	UGT1A8	1	SIGNOR
HNF1A	UGT1A9	1	SIGNOR
NR3C1	HNF4A	1	SIGNOR
HOXA11	PRL	1	SIGNOR
HOXB1	OTX2	1	SIGNOR
HOXB2	OTX2	1	SIGNOR
HOXB3	OTX2	1	SIGNOR
HOXB7	FGF2	1	SIGNOR
HOXC11	S100B	1	SIGNOR
HOXD1	ITGB1	1	SIGNOR
HOXD3	ITGA5	1	SIGNOR
IRF1	DST	-1	SIGNOR
IRF3	IFNB1	1	SIGNOR
JUN	FOSL1	1	SIGNOR
NR3C1	JUN	-1	SIGNOR
JUN	TGFB1	1	SIGNOR
JUN	TNFAIP6	1	SIGNOR
JUND	FOSL1	1	SIGNOR
LHX4	POU1F1	1	SIGNOR
MITF	BCL2	1	SIGNOR
MYB	GSTM1	1	SIGNOR
MYC	CCND1	-1	SIGNOR
MYC	CCND2	1	SIGNOR
MYC	CDC25A	1	SIGNOR
MYC	CDK4	1	SIGNOR
MYC	CDKN1A	-1	SIGNOR
MYC	CDKN2A	-1	SIGNOR
MYC	ENO1	1	SIGNOR
MYC	MYCBP2	-1	SIGNOR
MYC	PFKM	1	SIGNOR
MYC	PPAT	1	SIGNOR
MYC	PRPS2	1	SIGNOR
RUNX1	MYC	-1	SIGNOR
MYC	SHMT1	1	SIGNOR
MYC	SLC2A1	1	SIGNOR
SMAD3	MYC	-1	SIGNOR
TCF4	MYC	1	SIGNOR
MYC	TYMS	1	SIGNOR
MYOD1	DES	-1	SIGNOR
MYOD1	MYOG	1	SIGNOR
SALL4	NANOG	1	SIGNOR
NFE2L2	CAT	1	SIGNOR
NFE2L2	GCLC	1	SIGNOR
NFE2L2	GSTA1	1	SIGNOR
NFE2L2	HMOX1	1	SIGNOR
NFE2L2	NQO1	1	SIGNOR
NFE2L2	SOD1	1	SIGNOR
NFE2L2	SOD2	1	SIGNOR
NFE2L2	TBXAS1	1	SIGNOR
NFIL3	IL3	1	SIGNOR
NFKB1	KLK3	1	SIGNOR
NR3C1	NFKB1	-1	SIGNOR
NR2C2	LHCGR	1	SIGNOR
NR2E3	ESR1	1	SIGNOR
NR2F1	LHCGR	-1	SIGNOR
NR2F6	LHCGR	-1	SIGNOR
NR3C1	ATP1B1	-1	SIGNOR
NR3C1	FOXO3	1	SIGNOR
NR3C1	KLF9	1	SIGNOR
PAX2	WT1	1	SIGNOR
PAX8	SLC5A5	1	SIGNOR
PAX8	TG	-1	SIGNOR
PAX8	TPO	1	SIGNOR
PDX1	INS	1	SIGNOR
POU1F1	TSHB	1	SIGNOR
POU3F2	MITF	1	SIGNOR
HES1	PPARG	-1	SIGNOR
NCOR2	PPARG	-1	SIGNOR
PPARG	PPARGC1A	1	SIGNOR
PPARG	UCP1	1	SIGNOR
PRDM1	MYC	-1	SIGNOR
RARA	CCNA1	-1	SIGNOR
RBPJ	CDKN1A	1	SIGNOR
RBPJ	HES1	1	SIGNOR
RELA	IL1B	-1	SIGNOR
RELA	IL6	1	SIGNOR
RFX5	HLA-DRA	1	SIGNOR
RORC	IL17A	1	SIGNOR
RUNX1	CCL3	1	SIGNOR
SMAD4	MYC	-1	SIGNOR
SOX4	DICER1	1	SIGNOR
SP1	CHGA	1	SIGNOR
SP1	HGF	1	SIGNOR
SP1	KLK3	1	SIGNOR
SP1	MET	1	SIGNOR
SP1	PCYT1A	1	SIGNOR
SP1	SLC5A8	1	SIGNOR
SP1	TGFB1	1	SIGNOR
SP1	TNC	1	SIGNOR
SP3	HGF	1	SIGNOR
SP3	KLK3	1	SIGNOR
SREBF1	FASN	1	SIGNOR
SREBF1	IDH1	1	SIGNOR
SREBF1	PCSK9	1	SIGNOR
SREBF2	HMGCR	1	SIGNOR
SREBF2	LDLR	1	SIGNOR
SREBF2	PCSK9	1	SIGNOR
SREBF2	PON1	1	SIGNOR
SREBF2	SQLE	1	SIGNOR
STAT1	CIITA	1	SIGNOR
STAT1	MUC4	1	SIGNOR
STAT1	NOS2	1	SIGNOR
STAT1	SOCS3	1	SIGNOR
STAT3	CD274	1	SIGNOR
STAT3	HGF	1	SIGNOR
STAT3	SOCS3	1	SIGNOR
STAT3	VEGFA	1	SIGNOR
STAT5A	BCL2L1	1	SIGNOR
STAT5A	CISH	1	SIGNOR
STAT5A	IGF1	1	SIGNOR
STAT5A	PIM1	1	SIGNOR
STAT5A	RAD51	1	SIGNOR
STAT6	SOCS1	1	SIGNOR
TBX2	CDKN1A	-1	SIGNOR
TBX2	CDKN2A	-1	SIGNOR
TBX21	IFNG	1	SIGNOR
TOX2	TBX21	1	SIGNOR
TBX3	CDKN1A	-1	SIGNOR
TBX3	CDKN2A	-1	SIGNOR
TFAP2A	ADM	1	SIGNOR
TFAP2A	CRYAB	1	SIGNOR
TFAP2B	CRYAB	1	SIGNOR
TP53	AIFM2	1	SIGNOR
TP53	ANKRD11	1	SIGNOR
TP53	BAX	1	SIGNOR
TP53	BID	1	SIGNOR
TP53	CDKN1A	1	SIGNOR
TP53	CRYAB	1	SIGNOR
TP53	FAS	1	SIGNOR
TP53	KDM4B	1	SIGNOR
TP53	MLH1	1	SIGNOR
TP53	OGG1	1	SIGNOR
TP53	PMS2	1	SIGNOR
TP53	SIAH1	1	SIGNOR
TP53	SLC2A1	-1	SIGNOR
TP53	TIGAR	1	SIGNOR
TP53	VCAN	1	SIGNOR
TP63	PLEC	1	SIGNOR
TP63	SUN1	1	SIGNOR
WT1	DNMT3A	1	SIGNOR
WT1	NPHS1	1	SIGNOR
WT1	PODXL	1	SIGNOR
WT1	SOD1	1	SIGNOR
ZNF267	MMP10	-1	SIGNOR
FOXA2	DLK1	1	SIGNOR
NR3C1	IRAK3	1	SIGNOR
HES1	NR3C1	-1	SIGNOR
TCF7L1	NANOG	-1	SIGNOR
CEBPB	GOT1	1	SIGNOR
NFATC1	PTGS2	1	SIGNOR
AR	SCN9A	1	SIGNOR
TBR1	AUTS2	1	SIGNOR
HIF1A	TM9SF4	-1	SIGNOR
SOHLH1	KIT	1	SIGNOR
SOHLH1	ZP3	1	SIGNOR
SOHLH1	ZP1	1	SIGNOR
SOHLH1	LHX8	1	SIGNOR
TSHZ3	CASP4	-1	SIGNOR
HMBOX1	IFNG	-1	SIGNOR
CASZ1	EGFL7	1	SIGNOR
ATOH7	POU4F2	1	SIGNOR
LMX1A	CUX2	1	SIGNOR
DOT1L	MYCBP2	-1	SIGNOR
DOT1L	HECTD4	-1	SIGNOR
ZNF384	MMP1	1	SIGNOR
NR4A3	BAX	1	SIGNOR
RORB	ARNTL	1	SIGNOR
RORB	OPN1MW	1	SIGNOR
NEUROG1	NEUROD2	1	SIGNOR
FOXJ1	DNALI1	1	SIGNOR
FOXJ1	SPAG6	1	SIGNOR
FOXJ1	CETN2	1	SIGNOR
FOXJ1	EFHC1	1	SIGNOR
FOXJ1	TUBA1A	1	SIGNOR
FOXJ1	TEKT1	1	SIGNOR
FOXJ1	DNAH11	1	SIGNOR
FOXJ1	DNAI1	1	SIGNOR
FOXJ1	TEKT2	1	SIGNOR
DACH2	MYOG	-1	SIGNOR
NPAS1	TH	-1	SIGNOR
PBX4	FGF8	-1	SIGNOR
FOXQ1	MYLK	-1	SIGNOR
TP63	SYNE3	1	SIGNOR
NANOG	DNMT1	1	SIGNOR
ZBTB20	AFP	-1	SIGNOR
ZBTB20	NFKBIA	-1	SIGNOR
ZNF304	CDKN2B	-1	SIGNOR
ZNF304	CDKN2A	-1	SIGNOR
SOHLH2	KIT	1	SIGNOR
HOXC10	LAMB2	1	SIGNOR
SALL4	CECR2	1	SIGNOR
LEF1	FST	1	SIGNOR
TBX21	IL2	-1	SIGNOR
MYT1L	YAP1	-1	SIGNOR
MYT1L	HES1	-1	SIGNOR
FOXJ3	MEF2C	1	SIGNOR
DMTF1	THBS1	1	SIGNOR
DMTF1	AREG	1	SIGNOR
DMTF1	JUNB	1	SIGNOR
TBX22	MSX2	-1	SIGNOR
TBX22	DLX5	-1	SIGNOR
CAMTA1	NPPA	1	SIGNOR
LHX3	CGA	1	SIGNOR
MKX	SCX	1	SIGNOR
MKX	SOX5	1	SIGNOR
MKX	RUNX2	1	SIGNOR
NR2F1	PCDH19	1	SIGNOR
PBX1	CDKN2A	1	SIGNOR
MEIS2	CDKN2A	1	SIGNOR
PBX1	CDH1	1	SIGNOR
MEIS2	CDH1	1	SIGNOR
GATA2	TRH	1	SIGNOR
NKX2-1	TPO	1	SIGNOR
TP53	GMPS	-1	SIGNOR
MYC	IMPDH2	1	SIGNOR
MYC	IMPDH1	1	SIGNOR
MYC	SHMT2	1	SIGNOR
MYC	DHODH	1	SIGNOR
HIF1A	PDK1	1	SIGNOR
TP53	AIFM1	1	SIGNOR
TP53	SCO2	1	SIGNOR
TP53	SLC2A4	-1	SIGNOR
TP53	HK2	-1	SIGNOR
SREBF2	IDH1	1	SIGNOR
SREBF1	PKM	1	SIGNOR
FOS	HSD3B2	1	SIGNOR
ZFX	FBP1	-1	SIGNOR
ZEB1	FBP1	-1	SIGNOR
TP53	NOXA1	1	SIGNOR
KLF1	CDKN2C	1	SIGNOR
KLF14	SPHK1	1	SIGNOR
KLF2	RELN	1	SIGNOR
ZNF91	FCGR3B	-1	SIGNOR
NKX2-3	MADCAM1	1	SIGNOR
NKRF	IFNB1	-1	SIGNOR
BACH1	GAPDH	1	SIGNOR
BACH1	HK2	1	SIGNOR
MEF2C	MYF6	1	SIGNOR
POU5F1	AKT1	-1	SIGNOR
ERG	WNT3A	1	SIGNOR
NR4A3	BBC3	1	SIGNOR
ETS1	TBX22	1	SIGNOR
FOXN3	PIM2	-1	SIGNOR
FOXS1	FOXO3	-1	SIGNOR
TP53	ZDHHC5	1	SIGNOR
POU2F1	MYH10	1	SIGNOR
MYOD1	SP1	-1	SIGNOR
MYOD1	ITGA7	1	SIGNOR
MYOD1	PJA1	1	SIGNOR
HOXB4	IGFBP1	1	SIGNOR
CEBPB	SREBF1	1	SIGNOR
WT1	AREG	1	SIGNOR
USF1	ADAM10	1	SIGNOR
MYF6	DES	1	SIGNOR
PAX7	MYF5	1	SIGNOR
MYOD1	CCND3	1	SIGNOR
MYOD1	RB1	1	SIGNOR
MYOG	ITGA7	1	SIGNOR
NFATC1	IL4	1	SIGNOR
MECP2	BDNF	-1	SIGNOR
MECP2	GRIA2	-1	SIGNOR
MECP2	NOTCH1	-1	SIGNOR
PDX1	SLC2A2	1	SIGNOR
FOXO4	IDH1	1	SIGNOR
E2F1	USP37	1	SIGNOR
POU5F1	DNMT1	1	SIGNOR
MEF2A	MYH1	1	SIGNOR
MEF2A	MYF6	1	SIGNOR
MEF2C	MYH1	1	SIGNOR
SREBF2	SND1	1	SIGNOR
NFIA	MYOD1	1	SIGNOR
NFIA	MYOG	1	SIGNOR
TP53	NR4A3	1	SIGNOR
NFATC2	FST	1	SIGNOR
NFATC2	PTGS2	1	SIGNOR
ZNF76	TCP1	1	SIGNOR
ZNF143	TCP1	1	SIGNOR
NFX1	HLA-DRA	-1	SIGNOR
TCF20	MMP3	1	SIGNOR
NKX6-3	GKN1	1	SIGNOR
FOXO6	IDH1	1	SIGNOR
ARNTL	VWF	-1	SIGNOR
YY2	FOS	1	SIGNOR
YY2	TP53	1	SIGNOR
FOXP2	RELN	1	SIGNOR
FOXP2	GRIN2B	1	SIGNOR
FOXP2	AUTS2	1	SIGNOR
FOXO3	IDH1	1	SIGNOR
FOXO3	CDKN1B	1	SIGNOR
FOXO3	TSC1	1	SIGNOR
FOXS1	FASLG	-1	SIGNOR
FOXS1	FOXO4	-1	SIGNOR
FOXD2	PRKAR1A	1	SIGNOR
MITF	TPSAB1	1	SIGNOR
NCOR1	PPARG	-1	SIGNOR
KLF8	HBB	-1	SIGNOR
NFATC1	IL6	1	SIGNOR
NFATC1	PLAUR	1	SIGNOR
NFATC1	GPC6	1	SIGNOR
SNAI1	PXDN	-1	SIGNOR
ZBED1	RPS12	1	SIGNOR
ZBED1	RPS10	1	SIGNOR
ZBED1	RPS6	1	SIGNOR
MYC	HK2	1	SIGNOR
MYC	MYCT1	1	SIGNOR
MYC	CUL1	1	SIGNOR
MYC	HECTD4	-1	SIGNOR
NR3C1	G6PC1	1	SIGNOR
NR3C1	CEBPD	1	SIGNOR
NR3C1	KLF5	1	SIGNOR
NR3C1	NCOA1	1	SIGNOR
SP1	CACNA1G	1	SIGNOR
SP1	CD34	1	SIGNOR
SP1	GGH	1	SIGNOR
HOXC6	S100B	1	SIGNOR
AR	UBE2C	1	SIGNOR
EGR2	CEBPB	1	SIGNOR
ERG	CLDN5	1	SIGNOR
ERG	WNT1	1	SIGNOR
MYF5	DES	1	SIGNOR
POU2F1	MYH1	1	SIGNOR
POU2F1	MYH2	1	SIGNOR
ETS2	BGLAP	1	SIGNOR
ETS2	SPARC	1	SIGNOR
ETS2	IBSP	1	SIGNOR
MYOD1	VEGFA	1	SIGNOR
MYOD1	CDKN1A	-1	SIGNOR
MYOG	MYF6	1	SIGNOR
MYOG	CDKN1A	-1	SIGNOR
TCF4	SSTR2	1	SIGNOR
CREB1	PPARGC1A	1	SIGNOR
HOXB8	ACTA2	-1	SIGNOR
HOXB8	TAGLN	-1	SIGNOR
HOXB8	MYLK	-1	SIGNOR
HOXB6	HBG1	-1	SIGNOR
HOXB6	HBA1	-1	SIGNOR
TAL1	FUBP1	1	SIGNOR
CEBPB	C3	1	SIGNOR
ATF4	CASP1_NLRP1_PYCARD	1	SIGNOR
WT1	REN	-1	SIGNOR
EN2	FGF8	-1	SIGNOR
NFKB1	BMP4	-1	SIGNOR
PAX3	FGFR4	1	SIGNOR
PAX3	TBX2	1	SIGNOR
YY1	ATP6V1A	1	SIGNOR
ELK4	INSIG2	1	SIGNOR
MZF1	PRKCA	1	SIGNOR
HOXA10	MYLK	1	SIGNOR
HIVEP2	SSTR2	1	SIGNOR
HOXD3	ITGA5_ITGB1	1	SIGNOR
HOXA9	PIM1	1	SIGNOR
HOXA13	EPHA7	1	SIGNOR
HOXC13	LAMB2	1	SIGNOR
RORA	NTRK2	1	SIGNOR
RORA	SHH	1	SIGNOR
RORA	PCP4	1	SIGNOR
RORA	SLC1A6	1	SIGNOR
RORA	ITPR1	1	SIGNOR
RORA	PCP2	1	SIGNOR
RORA	NLGN1	1	SIGNOR
DDIT3	PPP1R15A	1	SIGNOR
SREBF1	SND1	-1	SIGNOR
CUX1	PIK3IP1	-1	SIGNOR
PBX1	FGF8	-1	SIGNOR
PBX2	FGF8	-1	SIGNOR
PBX3	FGF8	-1	SIGNOR
STAT3	POMC	1	SIGNOR
STAT3	GAP43	1	SIGNOR
ETV3	DUSP6	-1	SIGNOR
ETV3	DDX20	-1	SIGNOR
STAT5A	PIM2	1	SIGNOR
STAT6	KLF4	1	SIGNOR
STAT5A	SOCS2	1	SIGNOR
STAT5A	SOCS3	1	SIGNOR
STAT5A	IRF5	1	SIGNOR
STAT5A	DNMT3A	1	SIGNOR
GATA4	CTNNA3	1	SIGNOR
SOX9	CEBPD	-1	SIGNOR
ZNF165	SMAD7	-1	SIGNOR
ZNF165	PMEPA1	-1	SIGNOR
ZNF165	SMURF2	-1	SIGNOR
LHX2	CGA	1	SIGNOR
MXI1	CCNB1	-1	SIGNOR
MECP2	SGK1	-1	SIGNOR
MECP2	DLL1	-1	SIGNOR
MECP2	CRH	-1	SIGNOR
MECP2	PTPN1	-1	SIGNOR
MECP2	GRIN2B	-1	SIGNOR
MECP2	FKBP5	-1	SIGNOR
MECP2	RBFOX1	-1	SIGNOR
ZNF140	FCGR3B	-1	SIGNOR
PDX1	NKX6-1	1	SIGNOR
LBX1	SNAI1	1	SIGNOR
LBX1	ZEB1	1	SIGNOR
DLX5	SPP1	1	SIGNOR
GSC	EPHA7	-1	SIGNOR
KLF3	KLF8	-1	SIGNOR
IRX5	KCND2	-1	SIGNOR
IRX3	GJA1	-1	SIGNOR
RUNX1	ANKRD26	-1	SIGNOR
MYT1	YAP1	-1	SIGNOR
FLI1	ANKRD26	-1	SIGNOR
MEF2A	MYH10	1	SIGNOR
MEF2A	MYH2	1	SIGNOR
SP2	PCYT1A	-1	SIGNOR
SP3	PCYT1A	1	SIGNOR
RELA	MET	1	SIGNOR
RELA	BMP4	-1	SIGNOR
EMX1	NRP1	1	SIGNOR
ZBTB16	RSAD2	1	SIGNOR
EN1	FGF8	-1	SIGNOR
MEF2C	MYH10	1	SIGNOR
MEF2C	CTNNA3	1	SIGNOR
MEF2C	MYH2	1	SIGNOR
FOXO1	IDH1	1	SIGNOR
FOXO1	SMURF1	1	SIGNOR
FOXF2	IRF2BPL	1	SIGNOR
NFATC3	IL6	1	SIGNOR
NFATC3	PTGS2	1	SIGNOR
NFATC3	GPC6	1	SIGNOR
NFX1	TERT	-1	SIGNOR
KLF10	TGFBI	1	SIGNOR
KLF1	KLF8	1	SIGNOR
NFATC2	IL6	1	SIGNOR
NFATC2	GPC6	1	SIGNOR
RUNX2	SPP1	1	SIGNOR
VEZF1	EDN1	1	SIGNOR
VEZF1	CITED2	-1	SIGNOR
HES1	MYOD1	-1	SIGNOR
HES1	FLT3	-1	SIGNOR
HES1	RCAN1	-1	SIGNOR
HES1	NOC3L	-1	SIGNOR
HNF4G	HAS2	1	SIGNOR
IRF3	IL6	1	SIGNOR
HLX	JUN	1	SIGNOR
HLX	CCNB1	1	SIGNOR
HLX	ELK1	1	SIGNOR
HLX	CDKN1C	1	SIGNOR
MEF2D	MYH1	1	SIGNOR
MEF2D	DES	1	SIGNOR
MEF2D	MYF6	1	SIGNOR
MEF2D	MYH10	1	SIGNOR
MEF2D	MYH2	1	SIGNOR
NFATC4	PTGS2	1	SIGNOR
NFATC4	GPC6	1	SIGNOR
POU4F3	LHX3	1	SIGNOR
E2F5	CBX5	-1	SIGNOR
SIX1	EZR	1	SIGNOR
EZH2	HOXA10	-1	SIGNOR
EZH2	HOXA9	-1	SIGNOR
NFE2L2	PXDN	1	SIGNOR
